Category EN,Description,License,Equipment
Recovery/service truck,TRUCK HD RAILROAD INTERNATIONAL 7400 SBA,H725152,108019
Recovery/service truck,TRUCK HD RECOVERY KENWORTH T800,H725510,108020
Recovery/service truck,TRUCK HD RECOVERY KENWORTH T800,H089106,108022
Road construction and cleaning equipment,TRACTOR WHEELED JCB FASTRAC 2155,861EAB,110008
Road construction and cleaning equipment,TRACTOR WHEELED KUBOTA M9540DTC,087EAD,110009
Road construction and cleaning equipment,TRACTOR WHEELED JCB HMV 2155,322EAD,110010
Road construction and cleaning equipment,TRACTOR WHEELED KUBOTA M5-111,AOD112E,110011
Road construction and cleaning equipment,TRACTOR WHEELED JCB FASTRAC 4160,238EAC,110012
Road construction and cleaning equipment,TRACTOR WHEELED 6110B,E138ACD,110013
Road construction and cleaning equipment,TRACTOR WHEELED 6110B,E140ACD,110014
Road construction and cleaning equipment,TRACTOR WHEELED 6110B,E139ACD,110015
Chemical truck,TRUCK HD CHEMICAL 3000 GAL KENWORTH T370,H032206,111012
Chemical truck,TRUCK HD CHEMICAL 3000 GAL KENWORTH T370,H032106,111013
Chemical truck,TRUCK HD CHEMICAL 20 TONN HINO 67443C,H531506,111015
Recovery/service truck,TRUCK HD LUBE KENWORTH T800,H724244,115015
HD truck (tractor),TRACTOR AIRCRAFT TOW (TUG) AWD,229EAD,116014
HD truck (tractor),TRUCK HD TRACTOR HYUNDAI HD-1000,H176506,117018
HD truck (tractor),TRUCK HD TRACTOR HYUNDAI HD-1000,H725109,117019
HD truck (tractor),TRUCK HD MAN TGS-41.400,H494106,117020
HD truck (tractor),TRUCK HD MAN TGS-41.400,H497706,117021
HD truck (tractor),TRUCK HD FRAC TANK TRACTOR W/WINCH KENWO,H209306,117022
Dump truck,TRUCK KAMAZ-65201 MULTILIFT HOOK LOADER,H176206,117023
Dump truck,TRUCK KAMAZ-65201 MULTILIFT HOOK LOADER,H190606,117024
Hook loader truck,TRUCK HD HOOK LOADER KENWORTH T800,H192506,117025
Hook loader truck,TRUCK HD HOOK LOADER KENWORTH T800,H205106,117026
Hook loader truck,TRUCK HD HOOK LOADER KENWORTH T800,H205206,117027
Hook loader truck,TRUCK HD HOOK LOADER KENWORTH T800,H205506,117028
Hook loader truck,TRUCK HD HOOK LOADER KENWORTH T800,H205406,117029
Hook loader truck,TRUCK HD HOOK LOADER KENWORTH T800,H205306,117030
HD truck (tractor),TRUCK HD MAN TGX 18.400 ,H550506,117032
HD truck (tractor),TRUCK HD MAN TGX 41.640 ,H550206,117033
HD truck (tractor),TRUCK HD KAMAZ 54901-70014СА ,H519206,117034
HD truck (tractor),TRUCK HD MAN TGS 26.440,H499406,117035
Dump truck,TRUCK DUMP KAMAZ 8X4 65201-011,H726309,123021
Dump truck,TRUCK DUMP KAMAZ 8X4 65201-011,H726307,123022
Dump truck,TRUCK DUMP KAMAZ 65201-7080-49 ,H550906,123023
Flatbed/boom truck (do not use),TRUCK HD BOOM FORD CARGO 2533 HR,H190806,126029
Flatbed/boom truck (do not use),TRUCK HD KAMAZ FLATBED,H315706,126030
Hook loader truck,TRUCK HD HINO-700 BOOM PALFINGER,H512706,126031
Flatbed/boom truck (do not use),TRUCK HD KAMAZ FLATBED,H520406,126032
Flatbed/boom truck (do not use),TRUCK HD HINO 37630C FLATBED,H496006,126033
Flatbed/boom truck (do not use),TRUCK HD HINO 37630C FLATBED,H495306,126034
Hook loader truck,TRUCK HD HINO-700 BOOM PALFINGER,H523906,126035
Flatbed/boom truck (do not use),TRUCK HD KAMAZ 5325-1002-69,H499706,126036
Food truck,TRUCK HD BOX HINO 338,H286606,128022
Food truck,TRUCK HD BOX HINO 338,H286506,128023
Food truck,TRUCK HD BOX HINO 338,H289406,128024
Food truck,TRUCK HD BOX HINO 338,H286706,128025
Food truck,TRUCK HD BOX HINO 338,H286806,128026
Food truck,TRUCK HD BOX HINO 338,H286906,128027
Food truck,TRUCK HD BOX HINO 338,H287306,128028
Food truck,TRUCK HD BOX REFRIGERATED HINO 338,H287006,128029
Food truck,TRUCK HD BOX REFRIGERATED HINO 338,H287106,128030
Food truck,TRUCK HD BOX REFRIGERATED HINO 338,H287206,128031
Flatbed/boom truck (do not use),TRUCK HD FLATBED W/CANOPY 6312B9-420-010,H124106,128032
Food truck,TRUCK HD BOX INSULATED FORD 2526 HR,H166806,128033
Food truck,TRUCK HD BOX INSULATED FORD 2526 HR,H166906,128034
Food truck,TRUCK HD BOX INSULATED FORD 1826 DC,H168206,128036
Food truck,TRUCK HD BOX INSULATED FORD 1826 DC,H168106,128037
HD truck (tractor),TRUCK HD BOX REFRIGERATED HINO 500 MTA,H176106,128038
Food truck,TRUCK HD BOX REFRIGERATED HINO 500,H209506,128039
Food truck,TRUCK HD BOX REFRIGERATED HINO 500,H209606,128040
Dispossal equipment,COMPACTOR LANDFILL BOMAG BC 473 RB-4,231EAC,206003
Dispossal equipment,REFUSE COMPACTOR BOMAG BC 473 RB-3,255EAC,206004
Road construction and cleaning equipment,ROLLER VIBRATING BOMAG BW60SC4,,213003
Snow plough truck,TRUCK HD SNOW PLOUGH KENWORTH C-500,H031906,216012
Snow plough truck,TRUCK HD SNOW PLOUGH KENWORTH C-500,H032006,216013
Snow plough truck,TRUCK HD SNOW PLOUGH KENWORTH C-500,H031406,216015
Snow plough truck,TRUCK HD SNOW PLOUGH KENWORTH C-500,H031506,216016
Snow plough truck,TRUCK HD SNOW PLOUGH MAZ KO-806-20(4in1),H168406,216018
Snow plough truck,TRUCK HD SNOW PLOUGH KENWORTH C-500,N/A,216019
Snow plough truck,TRUCK HD SNOW PLOUGH KAMAZ КО-829 (4in1),H190706,216020
Snow plough truck,TRUCK HD SNOW PLOUGH KAMAZ КО-829 (4in1),H240306,216022
"Cleaning, washing tools etc.",SWEEPING MACHINE GS 1200,,218011
Attachment,ATTACHMENT - RAKE GROUND BOBCAT LR 5B,,219001
Snow blower (do not use),SNOW BLOWER SAARBRUKEN MTD E660G,,270017
Snow blower (do not use),SNOW BLOWER SAARBRUKEN MTD E660G,,270020
Snow plough truck,TRUCK HD MULTI-PURPOSE WAUSAU-EVEREST SD,233EAD,270025
Snow plough truck,TRUCK HD MULTI-PURPOSE WAUSAU-EVEREST SD,234EAD,270026
Snow blower (do not use),BLOWER - SNOW 7.4 KW/3600 RPM MTD ME76,,270031
Snow blower (do not use),BLOWER - SNOW 7.4 KW/3600 RPM MTD ME76,,270032
Snow blower (do not use),BLOWER - SNOW 7.4 KW/3600 RPM MTD ME76,,270033
Snow blower (do not use),BLOWER - SNOW 7.4 KW/3600 RPM MTD ME76,,270034
Snow blower (do not use),BLOWER - SNOW 7.4 KW/3600 RPM MTD ME76,,270035
Snow blower (do not use),BLOWER - SNOW 7.4 KW/3600 RPM MTD ME76,,270036
Snow blower (do not use),SNOW BLOWER MTD OPTIMA  ME66,,270037
Snow blower (do not use),SNOW BLOWER MTD OPTIMA  ME66,,270038
Snow blower (do not use),SNOW BLOWER MTD OPTIMA  ME66,,270039
Air compressor motorized,COMPRESSOR AIR DIESEL 22KW 530L/MIN BAUE,,301011
Air compressor motorized,COMPRESSOR AIR DIESEL 22KW 530L/MIN BAUE,,301012
Air compressor motorized,COMPRESSOR AIR DIESEL 22KW 530L/MIN BAUE,,301013
Air compressor motorized,COMPRESSOR AIR DIESEL 22KW 530L/MIN BAUE,,301014
Air compressor motorized,COMPRESSOR AIR DIESEL 22KW 530L/MIN BAUE,,301015
Air compressor motorized,COMPRESSOR AIR DIESEL 22KW 530L/MIN BAUE,,301016
Air compressor motorized,COMPRESSOR AIR DIESEL UKS 400 on KAMAZ,,301019
Air compressor motorized,COMPRESSOR AIR DIESEL UKS 400 on KAMAZ,N/A,301020
Air compressor electric,AIR SCREW COMPRESSOR EKOMAK,N/A,301021
Air compressor electric,AIR SCREW COMPRESSOR EKOMAK,N/A,301022
Air compressor electric,COMPRESSOR AIR ELECTRIC BAUER V150-11-5,N/A,302028
Air compressor electric,COMPRESSOR AIR ELECTRIC 192 CFM/7.5 ATLA,,302029
Air compressor electric,COMPRESSOR AIR ELECTRIC BAUER V150-11-5,,302031
Air compressor electric,COMPRESSOR AIR ELECTRIC ATLAS COPCO GA22,,302033
Air compressor electric,COMPRESSOR AIR ELECTRIC ATLAS COPCO GA22,,302034
Air compressor motorized,COMPRESSOR AIR DIESEL ATLAS COPCO,AND241E,302035
Air compressor electric,COMPRESSOR AIR ELECTRIC BAUER V150-11-5,,302036
Air compressor electric,COMPRESSOR AIR ELECTRIC BAUER V560/420,N/A,302039
Air compressor motorized,COMPRESSOR AIR DIESEL XAVS396CD ATLAS CO,,307036
Air compressor motorized,COMPRESSOR AIR DIESEL XRHS506CD ATLAS CO,,307037
Air compressor motorized,COMPRESSOR AIR DIESEL INGERSOLL FJD,,307039
Air compressor motorized,COMPRESSOR AIR DIESEL 1059 CFM/20 ATLAS-,,307040
Air compressor motorized,COMPRESSOR AIR DIESEL INGERSOLL FJD,,307042
Air compressor motorized,COMPRESSOR AIR DIESEL 784 CFM/20 ATLAS-C,038EAD,307044
Air compressor motorized,COMPRESSOR AIR DIESEL 784 CFM/20 ATLAS-C,037EAD,307045
Air compressor motorized,COMPRESSOR AIR DIESEL 310 CFM/14 ATLAS-C,007EAD,307046
Air compressor motorized,COMPRESSOR AIR DIESEL 310 CFM/14 ATLAS-C,020EAD,307047
Air compressor motorized,COMPRESSOR AIR DIESEL 310 CFM/14 ATLAS-C,018EAD,307048
Air compressor motorized,COMPRESSOR AIR DIESEL 310 CFM/14 ATLAS-C,019EAD,307049
Air compressor motorized,COMPRESSOR AIR DIESEL 310 CFM/14 ATLAS-C,009EAD,307050
Air compressor motorized,COMPRESSOR AIR DIESEL 310 CFM/14 ATLAS-C,006EAD,307052
Air compressor motorized,COMPRESSOR AIR DIESEL 310 CFM/14 ATLAS-C,008EAD,307053
Air compressor motorized,COMPRESSOR AIR DIESEL 310 CFM/14 ATLAS-C,017EAD,307054
Air compressor motorized,COMPRESSOR AIR DIESEL 784 CFM/20 ATLAS-C,036EAD,307056
Air compressor motorized,COMPRESSOR AIR DIESEL 1059 CFM/20 ATLAS-,016EAD,307057
Air compressor motorized,COMPRESSOR AIR DIESEL INGERSOLL 185 CFM/,011EAD,307058
Air compressor motorized,COMPRESSOR AIR DIESEL INGERSOLL 185 CFM/,012EAD,307059
Air compressor electric,COMPRESSOR AIR ELECTRIC BAUER V18.1-15-5,596EAD,307060
Air compressor electric,COMPRESSOR AIR ELECTRIC BAUER V18.1-15-5,595EAD,307061
Air compressor motorized,COMPRESSOR AIR DIESEL 127 CFM/7  37P ROT,751EAD,307062
Air compressor motorized,COMPRESSOR AIR DIESEL 5 CFM/ 7 BAR ,252ЕАС,307063
Lifting (load gripping mechanism),CRANE MINI SPIDER UNIC 2.9 TON DUAL POWE,177EAC,502010
Lifting (load gripping mechanism),CRANE MINI SPIDER UNIC 6 TON DUAL POWER,176EAC,502011
Lifting (load gripping mechanism),CRANE INDUSTRIAL BRODERSON 13 TON,ABD292E,503015
Lifting (load gripping mechanism),CRANE INDUSTRIAL BRODERSON 13 TON,ABD291E,503016
Lifting (load gripping mechanism),CRANE MOBILE LIEBHERR 250 TON,H723594,503017
Lifting (load gripping mechanism),CRANE ROUGH TERRAIN GROVE 50 TON,161EAC,503018
Lifting (load gripping mechanism),CRANE MOBILE LIEBHERR 250 TON,H724248,503019
Lifting (load gripping mechanism),CRANE ROUGH TERRAIN GROVE 80 TON,221EAD,503020
Lifting (load gripping mechanism),CRANE ROUGH TERRAIN GROVE 30 TON,321EAD,503021
Lifting (load gripping mechanism),CRANE INDUSTRIAL BRODERSON 8 TON,318EAD,503022
Lifting (load gripping mechanism),CRANE INDUSTRIAL BRODERSON 8 TON,541EAD,503023
Lifting (load gripping mechanism),CRANE INDUSTRIAL BRODERSON 8 TON,278EAC,503024
Lifting (load gripping mechanism),CRANE ROUGH TERRAIN GROVE 135 TON,307EAC,503025
Lifting (load gripping mechanism),CRANE MOBILE LIEBHERR 300 TON,H464406,503026
Lifting (load gripping mechanism),CRANE MOBILE LIEBHERR 700 TON,N/A,503027
Lifting (load gripping mechanism),TUBE BUNDLE LIFTING DEVICE CAREYLIFT 65,,504001
Lifting (load gripping mechanism),TUBE BUNDLE LIFTING DEVICE CAREYLIFT 60,,504002
"Cleaning, washing tools etc.",TRUCK AIRCRAFT DEICER WITH LIFT BUCKET,,516010
Lifting (load gripping mechanism),EXTRACTOR - AERIAL TUBE BUNDLE 45T-8000,,519021
Lifting (load gripping mechanism),EXTRACTOR - AERIAL TUBE BUNDLE 30T-7000,,519026
Lifting (load gripping mechanism),EXTRACTOR - AERIAL TUBE BUNDLE 45T- 1000,,519029
Lifting (load gripping mechanism),EXTRACTOR - AERIAL TUBE BUNDLE 60T-9000,,519030
Lifting (load gripping mechanism),Hydraulic Bundle Extractor 25T,,519054
Lifting (load gripping mechanism),Hydraulic Bundle Extractor 45T,,519055
Lifting equipment electric,MANLIFT ELECTRIC SCISSOR JLG EUROPA BVBA,096EAD,521026
Lifting (load gripping mechanism),CRANE OVERHEAD 1 TON,,521028
Lifting equipment electric,MANLIFT ELECTRIC ARTICULATING BOOM GENIE,178EAC,521043
Lifting equipment motorized,MANLIFT DIESEL SCISSOR GENIE GS3369RT,AHD992E,521044
Lifting equipment motorized,MANLIFT DIESEL SCISSOR GENIE GS3369RT,AHD991E,521045
Lifting equipment motorized,MANLIFT DIESEL SP TELESCOPIC BOOM S-80,535EAD,521046
Lifting equipment motorized,MANLIFT DIESEL SP TELESCOPIC BOOM S-80,536EAD,521047
Lifting equipment motorized,MANLIFT DIESEL SP TELESCOPIC BOOM S-80,537EAD,521048
Lifting equipment motorized,MANLIFT DIESEL SP TELESCOPIC BOOM S-80,538EAD,521049
Lifting equipment electric,MANLIFT ELECTRIC VERTICAL REACH JLG 36AM,,521051
Lifting equipment electric,MANLIFT ELECTRIC AWP GENIE AWP-20S,,521061
Lifting equipment electric,MANLIFT ELECTRIC SCISSOR JLG,422EAC,521062
Lifting equipment electric,VERTICAL LIFT ELECTRIC SUZHOU KOOSEN,,521063
Lifting equipment electric,MANLIFT ELECTRIC GTWY12-200AC,,521064
Lifting equipment motorized,STRADDLE CARRIER HYSTER 60K M600A,,526091
Lifting equipment electric,FORKLIFT ELECTRIC HYSTER 2K R2.0H,802EAB,526124
Lifting equipment electric,FORKLIFT ELECTRIC HYSTER 2K R2.0H,800EAB,526126
Lifting equipment motorized,FORKLIFT DIESEL JCB 4K 540-170,864EAB,526131
Lifting equipment motorized,FORKLIFT DIESEL HYSTER 3.5K H3.5FT,869EAB,526133
Lifting equipment electric,FORKLIFT ELECTRIC HYSTER 1.6K R1.6N,097EAD,526141
Lifting equipment motorized,FORKLIFT DIESEL HYSTER 2K H2.0FT,143EAD,526142
Lifting equipment motorized,FORKLIFT DIESEL HYSTER 3.5K H3.5FT,148EAD,526145
Lifting equipment electric,FORKLIFT ELECTRIC HYSTER 2K R2.0H,147EAD,526146
Lifting equipment electric,FORKLIFT ELECTRIC HYSTER 2K R2.0H,146EAD,526147
Lifting equipment electric,FORKLIFT ELECTRIC HYSTER 2K R2.0H,144EAD,526149
Lifting equipment motorized,FORKLIFT DIESEL JCB 3K 930 RT,150EAD,526150
Lifting equipment motorized,FORKLIFT DIESEL JCB 3K 930 RT,174EAD,526153
Lifting equipment motorized,FORKLIFT DIESEL JCB 3K 930 RT,175EAD,526155
Lifting equipment electric,FORKLIFT ELECTRIC HYSTER 1.5K RS1.5,180EAD,526156
Lifting equipment electric,FORKLIFT ELECTRIC HYSTER 1.5K C1.5S,222EAD,526160
Lifting equipment electric,FORKLIFT ELECTRIC HYSTER 2K R2.0H,319EAD,526161
Lifting equipment electric,FORKLIFT ELECTRIC HYSTER 1K C1.0,337EAD,526164
Lifting equipment electric,FORKLIFT ELECTRIC HYSTER 2K R2.0H,332EAD,526165
Lifting equipment electric,FORKLIFT ELECTRIC HYSTER 2K R2.0H,334EAD,526166
Lifting equipment electric,FORKLIFT ELECTRIC HYSTER 2K R2.0H,335EAD,526167
Lifting equipment electric,FORKLIFT ELECTRIC HYSTER 1.5K C1.5S,333EAD,526168
Lifting equipment motorized,FORKLIFT DIESEL HYSTER 3.5K H3.5FT,340EAD,526169
Lifting equipment motorized,FORKLIFT DIESEL HYSTER 16K H16XMS-12,376EAD,526171
Lifting equipment motorized,FORKLIFT DIESEL HYSTER 16K H16XMS-12,377EAD,526172
Lifting equipment motorized,FORKLIFT DIESEL HYSTER 16K H16XMS-12,378EAD,526173
Lifting equipment electric,FORKLIFT ELECTRIC HYSTER 1K C1.0,462EAD,526174
Lifting equipment motorized,FORKLIFT DIESEL JCB 4K RTFL 940-4,480EAD,526175
Lifting equipment motorized,FORKLIFT DIESEL JCB 4K RTFL 940-4,481EAD,526176
Lifting equipment motorized,FORKLIFT DIESEL JCB 4K 540-170,482EAD,526177
Lifting equipment electric,FORKLIFT ELECTRIC HYSTER 1.5K C1.5S,512EAD,526178
Lifting equipment electric,FORKLIFT ELECTRIC HYSTER 1.5K C1.5S,513EAD,526179
Lifting equipment motorized,FORKLIFT DIESEL HYSTER 3.5K H3.5FT,733EAD,526180
Lifting equipment electric,FORKLIFT ELECTRIC HYSTER 1.5K C1.5S,822EAD,526181
Lifting equipment electric,FORKLIFT ELECTRIC HYSTER 1.5K C1.5S,821EAD,526182
Lifting equipment electric,FORKLIFT ELECTRIC HYSTER 1.5K C1.5S,864EAD,526183
Lifting equipment motorized,FORKLIFT DIESEL HYSTER 2K H2.0FT,925EAD,526184
Lifting equipment motorized,FORKLIFT DIESEL HYSTER 2K H2.0FT,923EAD,526185
Lifting equipment motorized,FORKLIFT DIESEL HYSTER 2K H2.0FT,924EAD,526186
Lifting equipment motorized,FORKLIFT DIESEL HYSTER 2K H2.0FT,922EAD,526187
Lifting equipment motorized,FORKLIFT DIESEL JCB 4K 540-170,052EAE,526188
Lifting equipment motorized,FORKLIFT DIESEL JCB 4K 540-170,E792AED,526189
Lifting equipment motorized,FORKLIFT DIESEL JCB 4K 540-170,E791AED,526190
Lifting equipment electric,FORKLIFT ELECTRIC HYSTER 2K R2.0H,E796AED,526191
Lifting equipment electric,FORKLIFT ELECTRIC HYSTER 2K R2.0H,215EAC,526192
Lifting equipment motorized,FORKLIFT DIESEL HYSTER 16K H16XM-6,214EAC,526193
Lifting equipment electric,FORKLIFT ELECTRIC HYSTER 1.5K C1.5S,212EAC,526194
Lifting equipment electric,FORKLIFT ELECTRIC HYSTER 1.5K C1.5S,213EAC,526195
Lifting equipment motorized,FORKLIFT DIESEL JCB 4K 540-170,216EAC,526196
Lifting equipment motorized,FORKLIFT DIESEL HYSTER 1.5K H2.5XT,217EAC,526197
Road construction and cleaning equipment,LOADER COMPACT WHEEL SKID STEER JCB 3.2,219EAC,526199
Lifting equipment electric,FORKLIFT ELECTRIC HYSTER 1K C1.0,291EAC,526200
Lifting equipment electric,FORKLIFT ELECTRIC HYSTER 1.5K C1.5S,290EAC,526201
Lifting equipment electric,FORKLIFT ELECTRIC HYSTER 1.5K C1.5S,289EAC,526202
Lifting equipment electric,FORKLIFT ELECTRIC HYSTER 1.5K C1.5S,292EAC,526203
Lifting equipment motorized,FORKLIFT DIESEL HYSTER 3K H3.0FT,285EAC,526204
Lifting equipment motorized,FORKLIFT DIESEL HYSTER 3.5K H3.5FT,286EAC,526205
Lifting equipment motorized,FORKLIFT DIESEL HYSTER 5K H5.0FT,287EAC,526206
Lifting equipment motorized,FORKLIFT DIESEL JCB 3K 930 RT,288EAC,526207
Lifting equipment motorized,FORKLIFT DIESEL HYSTER 3K H3.0XT,301EAC,526208
Lifting equipment motorized,FORKLIFT DIESEL JCB 4K 540-180,300EAC,526209
Lifting equipment motorized,FORKLIFT DIESEL JCB 4K 540-180,302EAC,526210
Lifting equipment electric,FORKLIFT ELECTRIC HYSTER 1.6K R1.6N,299EAC,526211
Lifting equipment electric,FORKLIFT ELECTRIC HYSTER 1.6K R1.6N,298EAC,526212
Lifting equipment motorized,FORKLIFT DIESEL JCB 3K 930 RT,312EAC,526213
Lifting equipment motorized,FORKLIFT DIESEL JCB 3K 930 RT,320EAC,526214
Lifting equipment motorized,FORKLIFT DIESEL JCB 4K 540-180,317EAC,526215
Lifting equipment motorized,FORKLIFT DIESEL JCB 4K 540-180,318EAC,526216
Lifting equipment electric,FORKLIFT ELECTRIC HYSTER 2K R2.0H,230EAC,526217
Lifting equipment electric,FORKLIFT ELECTRIC HYSTER 2K R2.0H,229EAC,526218
Lifting equipment electric,FORKLIFT ELECTRIC HYSTER 2K R2.0H,232EAC,526219
Lifting equipment electric,FORKLIFT ELECTRIC HYSTER 2K R2.0H,233EAC,526220
Lifting equipment electric,FORKLIFT ELECTRIC HYSTER C1.5S,237EAC,526221
Lifting equipment electric,FORKLIFT ELECTRIC HYSTER C1.5S,236EAC,526222
Lifting equipment motorized,FORKLIFT DIESEL HYSTER H3.0FT,AND219E,526223
Lifting equipment motorized,FORKLIFT DIESEL HYSTER H9.0FT,239EAC,526224
Lifting equipment motorized,FORKLIFT DIESEL HYSTER H16XM-6,240EAC,526225
Lifting equipment motorized,FORKLIFT DIESEL HYSTER H16XM-6,241EAC,526226
Lifting equipment motorized,FORKLIFT DIESEL HYSTER H3.0FT,431EAC,526227
Lifting equipment motorized,FORKLIFT DIESEL HYSTER 3.5K H3.5FT,430EAC,526228
Lifting equipment motorized,STRADDLE CARRIER PEINEMANN,AKDE126,526230
Lifting equipment motorized,FORKLIFT DIESEL JCB 4K 540-180,AOD958E,526231
Lifting equipment electric,FORKLIFT ELECTRIC HYSTER C1.5,,526232
Lifting equipment electric,FORKLIFT ELECTRIC HYSTER C1.5,,526234
Lifting equipment motorized,FORKLIFT DIESEL MANITOU 16K MHT-X 10160 ST5 S1,272EAB,526235
Lifting equipment motorized,FORKLIFT DIESEL HYSTER 3.5 FT FORTENS ADVANSE,AOD826E,526236
Lifting equipment motorized,FORKLIFT DIESEL HYSTER 3.0 FT FORTENS ADVANSE,AOD827E,526237
Lifting equipment electric,MANLIFT ELECTRIC MAST BOOM HAULOTTE 200K,,541042
Road construction and cleaning equipment,EXCAVATOR WHEEL HYUNDAI 200W-7,,601012
Road construction and cleaning equipment,LOADER WHEEL CASE 590K SR-4PT,185EAB,601013
Road construction and cleaning equipment,LOADER WHEEL JCB 3CX,AED154E,601014
Road construction and cleaning equipment,LOADER WHEEL JCB 3CX,795EAB,601015
Road construction and cleaning equipment,EXCAVATOR HYDRAULIC CATERPILLAR 336 DL 3,895EAB,601018
Road construction and cleaning equipment,LOADER WHEEL JCB 3CX,039EAD,601019
Road construction and cleaning equipment,EXCAVATOR TRACK - HYDRAULIC CAT-318D,528EAD,601021
Road construction and cleaning equipment,EXCAVATOR WHEELED CAT M318D,529EAD,601022
Road construction and cleaning equipment,EXCAVATOR TRACK HYDRAULIC 349D,527EAD,601023
Road construction and cleaning equipment,EXCAVATOR LOADER CATERPILLAR 432,AOD986E,601024
Road construction and cleaning equipment,LOADER COMPACT  TRACK SKID STEER BOBCAT,181EAB,602033
Road construction and cleaning equipment,LOADER COMPACT  TRACK SKID STEER BOBCAT,148EAB,602034
Road construction and cleaning equipment,LOADER TRACKED WASTE HANDLER CATERPILLAR,AED609E,602035
Road construction and cleaning equipment,LOADER COMPACT WHEEL SKID STEER BOBCAT,843EAB,602037
Road construction and cleaning equipment,LOADER COMPACT WHEEL SKID STEER BOBCAT,069EAD,602041
Road construction and cleaning equipment,LOADER WHEEL HYUNDAI HL760-7A,086EAD,602042
Road construction and cleaning equipment,LOADER WHEEL CATERPILLAR 966H,085EAD,602043
Road construction and cleaning equipment,LOADER COMPACT WHEEL SKID STEER BOBCAT,201EAD,602046
Road construction and cleaning equipment,LOADER COMPACT WHEEL SKID STEER BOBCAT,208EAD,602047
Road construction and cleaning equipment,LOADER COMPACT WHEEL SKID STEER BOBCAT,206EAD,602048
Road construction and cleaning equipment,LOADER COMPACT WHEEL SKID STEER BOBCAT,204EAD,602049
Road construction and cleaning equipment,LOADER COMPACT WHEEL SKID STEER BOBCAT,202EAD,602051
Road construction and cleaning equipment,LOADER WHEEL CATERPILLAR 966K,218EAD,602052
Lifting equipment motorized,LOADER WHEEL CATERPILLAR 966K,219EAD,602053
Road construction and cleaning equipment,LOADER COMPACT WHEEL SKID STEER BOBCAT,205EAD,602054
Road construction and cleaning equipment,LOADER COMPACT WHEEL SKID STEER BOBCAT,203EAD,602055
Road construction and cleaning equipment,LOADER COMPACT  TRACK SKID STEER BOBCAT,228EAD,602056
Road construction and cleaning equipment,LOADER - COMPACT SKID STEER CAT 262D,546EAD,602057
Road construction and cleaning equipment,LOADER COMPACT WHEEL SKID STEER BOBCAT,866EAD,602058
Road construction and cleaning equipment,LOADER COMPACT WHEEL SKID STEER BOBCAT,865EAD,602059
Road construction and cleaning equipment,LOADER COMPACT WHEEL SKID STEER BOBCAT,E657ALD,602060
Road construction and cleaning equipment,LOADER COMPACT WHEEL SKID STEER BOBCAT,296EAC,602061
Road construction and cleaning equipment,LOADER COMPACT WHEEL SKID STEER BOBCAT,295EAC,602062
Road construction and cleaning equipment,LOADER TRACKED WASTE HANDLER CATERPILLAR,319EAC,602063
Road construction and cleaning equipment,LOADER WHEEL CATERPILLAR 980L,221EAC,602064
Road construction and cleaning equipment,LOADER COMPACT WHEEL SKID STEER BOBCAT,224EAC,602065
Road construction and cleaning equipment,LOADER COMPACT WHEEL SKID STEER BOBCAT,225EAC,602066
Road construction and cleaning equipment,LOADER COMPACT WHEEL SKID STEER BOBCAT,226EAC,602067
Road construction and cleaning equipment,LOADER COMPACT WHEEL SKID STEER BOBCAT,227EAC,602068
Road construction and cleaning equipment,LOADER WHEEL CATERPILLAR 966L,AND212E,602069
Road construction and cleaning equipment,GRADER MOTOR CATERPILLAR 160M,183EAD,612003
Road construction and cleaning equipment,GRADER MOTOR CATERPILLAR 160M,182EAD,612004
Lifting (load gripping mechanism),CRANE HYRAIL KGT4RS,AED603E,631002
Lifting (load gripping mechanism),CRANE HYRAIL KGT4RS,324EAD,631003
"Cleaning, washing tools etc.",TILLER GROUND STRINT,,632001
Generator portable,GENERATOR DIESEL PORTABLE PLANT  STATION,,701001
Generator portable,GENERATOR GASOLINE PORTABLE ATLAS-COPCO,,701024
Generator portable,GENERATOR GASOLINE PORTABLE ATLAS-COPCO,,701025
Generator portable,GENERATOR GASOLINE PORTABLE ATLAS-COPCO,,701026
Generator stationary,GENERATOR DIESEL STATIONARY 200KVA PLANT,,702005
Generator stationary,GENERATOR DIESEL STATIONARY GT055,,702016
Generator stationary,GENERATOR DIESEL STATIONARY GT055,,702017
Generator stationary,GENERATOR DIESEL STATIONARY PERKINS P50-,,702018
Generator stationary,GENERATOR DIESEL STATIONARY PERKINS P100,,702019
Generator stationary,GENERATOR DIESEL STATIONARY GT055,,702020
Generator stationary,GENERATOR DIESEL STATIONARY GT055,,702021
Generator stationary,GENERATOR DIESEL STATIONARY GT055,,702022
Generator stationary,GENERATOR DIESEL STATIONARY GT055,,702023
Generator stationary,GENERATOR DIESEL STATIONARY GT055,,702024
Generator stationary,GENERATOR DIESEL STATIONARY AG POWER,,702030
Generator stationary,GENERATOR DIESEL STATIONARY CATERPILLAR,,702037
Generator stationary,GENERATOR DIESEL STATIONARY PU-951,,702041
Generator stationary,GENERATOR DIESEL STATIONARY PU-951,,702042
Generator stationary,GENERATOR DIESEL STATIONARY TCOV CLINIC,,702045
Generator stationary,GENERATOR DIESEL STATIONARY YANMAR YG 10,,702048
Generator stationary,GENERATOR DIESEL STATIONARY STAMFORD,,702049
Generator stationary,GENERATOR DIESEL STATIONARY AIRPORT,,702050
Generator stationary,GENERATOR DIESEL  STATIONARY,,702052
Generator stationary,GENERATOR STATIONARY PERKINS 3412,,702053
Generator stationary,GENERATOR DIESEL STATIONARY СATERPILLAR,,702054
Generator stationary,GENERATOR DIESEL STATIONARY 800KVA,,702058
Generator stationary,GENERATOR DIESEL STATIONARY SIDING 92,,702059
Generator stationary,GENERATOR DIESEL STATIONARY KARATON 2,,702060
Generator stationary,GENERATOR DIESEL STATIONARY TENGIZ STATI,,702061
Generator stationary,GENERATOR DIESEL STATIONARY SIDING 8,,702062
Generator stationary,GENERATOR DIESEL STATIONARY HBD RIP SERA,,702064
Generator stationary,GENERATOR DIESEL  STATIONARY TAD 520GE,,702067
Generator stationary,GENERATOR DIESEL STATIONARY 16V4000G61,,702068
Generator stationary,GENERATOR DIESEL STATIONARY 16V4000G61,,702069
Generator stationary,GENERATOR DIESEL STATIONARY RV WATER TRE,,702073
Generator stationary,GENERATOR DIESEL STATIONARY IB BOILER HO,,702074
Generator portable,GENERATOR DIESEL PORTABLE ATLAS-COPCO QA,013EAD,702075
Generator portable,GENERATOR DIESEL PORTABLE ATLAS-COPCO QA,052EAD,702077
Generator portable,GENERATOR DIESEL PORTABLE ATLAS-COPCO,049EAD,702078
Generator portable,GENERATOR DIESEL PORTABLE ATLAS-COPCO QA,050EAD,702079
Generator stationary,GENERATOR DIESEL STATIONARY 330KVA IB WH,,702085
Generator stationary,GENERATOR DIESEL STATIONARY CUMMINS 390K,,702086
"Lighting set, signal motorized",LIGHTING SET MOBILE TOWER VT1230V-1149,455EAD,702087
"Lighting set, signal motorized",LIGHTING SET MOBILE TOWER VT1230V-1149,454EAD,702088
"Lighting set, signal motorized",LIGHTING SET MOBILE TOWER VT1230V-1149,453EAD,702089
"Lighting set, signal motorized",LIGHTING SET MOBILE TOWER VT1230V-1149,452EAD,702090
"Lighting set, signal motorized",LIGHTING SET MOBILE TOWER VT1230V-1149,451EAD,702091
Generator stationary,GENERATOR DIESEL STATIONARY CATERPILLAR,,702092
Generator stationary,GENERATOR DIESEL STATIONARY CATERPILLAR,,702093
Generator stationary,GENERATOR DIESEL STATIONARY 150KVA SIDIN,,702094
Generator stationary,GENERATOR DIESEL STATIONARY CATERPILLAR,,702095
Generator stationary,GENERATOR DIESEL STATIONARY CATERPILLAR,,702096
Generator portable,GENERATOR DIESEL PORTABLE ATLAS-COPCO QI,901EAD,702097
Generator stationary,GENERATOR DIESEL STATIONARY WILSON 13KVA,,702099
Generator stationary,GENERATOR DIESEL STATIONARY WILSON 30KVA,,702100
Generator stationary,GENERATOR DIESEL STATIONARY WILSON 30KVA,,702101
Generator stationary,GENERATOR DIESEL STATIONARY - IB FMA,,702102
Generator portable,GENERATOR DIESEL PORTABLE ATLAS-COPCO DV,614EAD,702103
Generator stationary,GENERATOR DIESEL STATIONARY CATERPILLAR,,702104
Generator stationary,GENERATOR DIESEL STATIONARY CATERPILLAR,,702105
Generator stationary,GENERATOR DIESEL STATIONARY ATLAS-COPCO,,702106
Generator stationary,GENERATOR DIESEL STATIONARY WILSON 13KVA,,702107
Generator stationary,GENERATOR DIESEL STATIONARY TEKSAN 200 k,,702108
Generator stationary,GENERATOR DIESEL STATIONARY ATLAS-COPCO,,702109
Generator stationary,GENERATOR DIESEL STATIONARY F.G. WILSON,,702111
Generator stationary,GENERATOR DIESEL STATIONARY ATLAS-COPCO,,702112
Generator stationary,GENERATOR DIESEL STATIONARY RID-F4M2011,,702113
Generator stationary,GENERATOR DIESEL STATIONARY CATERPILLAR,,702114
Generator stationary,GENERATOR DIESEL STATIONARY CATERPILLAR,,702115
Generator stationary,GENERATOR DIESEL STATIONARY ATLAS-COPCO,,702116
Generator stationary,GENERATOR DIESEL STATIONARY ATLAS-COPCO,,702117
Generator stationary,GENERATOR DIESEL STATIONARY F.G. WILSON,,702118
Generator stationary,GENERATOR DIESEL STATIONARY CATERPILLAR,,702120
Generator stationary,GENERATOR DIESEL STATIONARY TEKSAN,N/A,702121
Generator stationary,GENERATOR DIESEL STATIONARY TEKSAN,N/A,702122
Generator stationary,GENERATOR DIESEL STATIONARY VISA P 65 CK,N/A,702123
Generator stationary,GENERATOR DIESEL STATIONARY TEKSAN,N/A,702124
Generator stationary,GENERATOR DIESEL STATIONARY TEKSAN,N/A,702125
Generator stationary,GENERATOR DIESEL STATIONARY QES 40,N/A,702126
Generator stationary,GENERATOR DIESEL STATIONARY WS88-PS,N/A,702127
Generator stationary,GENERATOR DIESEL STATIONARY HUDIG 30KVA,540EAD,707032
Generator portable,GENERATOR DIESEL PORTABLE ATLAS-COPCO QI,209EAC,707034
Generator portable,GENERATOR DIESEL PORTABLE ATLAS-COPCO QI,210EAC,707035
Generator portable,GENERATOR DIESEL PORTABLE ATLAS-COPCO,272EAC,707036
Generator portable,GENERATOR DIESEL PORTABLE ATLAS-COPCO,273EAC,707037
Generator portable,GENERATOR DIESEL PORTABLE ATLAS-COPCO,274EAC,707038
Generator portable,GENERATOR DIESEL PORTABLE ATLAS-COPCO,275EAC,707039
Generator portable,GENERATOR DIESEL PORTABLE ATLAS-COPCO,276EAC,707040
Generator portable,GENERATOR DIESEL PORTABLE ATLAS-COPCO,277EAC,707041
Generator portable,GENERATOR DIESEL PORTABLE ATLAS-COPCO,279EAC,707042
Generator portable,GENERATOR DIESEL PORTABLE ATLAS-COPCO,280EAC,707043
Generator portable,GENERATOR DIESEL PORTABLE ATLAS-COPCO,281EAC,707044
Generator portable,GENERATOR DIESEL PORTABLE ATLAS-COPCO,282EAC,707045
Generator portable,GENERATOR DIESEL PORTABLE ATLAS-COPCO,283EAC,707046
Generator portable,GENERATOR DIESEL PORTABLE ATLAS-COPCO,284EAC,707047
Generator portable,GENERATOR DIESEL PORTABLE ATLAS-COPCO,305EAC,707048
Generator portable,GENERATOR DIESEL PORTABLE ATLAS-COPCO,303EAC,707049
Generator portable,GENERATOR DIESEL PORTABLE ATLAS-COPCO,304EAC,707050
Generator portable,GENERATOR DIESEL PORTABLE ATLAS-COPCO,306EAC,707051
Generator portable,GENERATOR DIESEL PORTABLE ATLAS-COPCO,AND288E,707052
Generator portable,GENERATOR DIESEL PORTABLE ATLAS-COPCO,AND287E,707053
Generator portable,GENERATOR DIESEL PORTABLE ATLAS-COPCO,AKDE213,707054
Generator portable,GENERATOR DIESEL PORTABLE ATLAS-COPCO,AKDE214,707055
Generator portable,VDC DIESEL GROUND POWER UNIT,,707056
Generator portable,GENERATOR DIESEL PORTABLE ATLAS-COPCO,AKDE138,707057
Generator portable,GENERATOR DIESEL PORTABLE ATLAS-COPCO,253EAC,707058
Generator portable,GENERATOR DIESEL PORTABLE ATLAS-COPCO,254EAC,707059
"Lighting set, signal electric",LIGHTING SET LISTER,,711001
"Lighting set, signal motorized",LIGHTING SET HYLITE LPA3,,711012
"Lighting set, signal motorized",LIGHTING SET MOBILE INGERSOLL RAND LT6K,,711046
"Lighting set, signal motorized",LIGHTING SET MOBILE INGERSOLL RAND LT6K,,711047
"Lighting set, signal motorized",LIGHTING SET MOBILE INGERSOLL RAND LT6K,,711048
"Lighting set, signal motorized",LIGHTING SET MOBILE KUBOTA LT6K,,711054
"Lighting set, signal motorized",LIGHTING SET MOBILE TOWER QAS14,384EAD,711056
"Lighting set, signal motorized",LIGHTING SET MOBILE TOWER QAS14,383EAD,711057
"Lighting set, signal motorized",LIGHTING SET MOBILE TOWER QAS14,380EAD,711058
"Lighting set, signal motorized",LIGHTING SET MOBILE TOWER QAS14,382EAD,711059
"Lighting set, signal motorized",LIGHTING SET MOBILE TOWER QAS14,381EAD,711060
Generator portable,GENERATOR DIESEL PORTABLE WITH LIGHTING,447EAD,711061
Generator portable,GENERATOR DIESEL PORTABLE WITH LIGHTING,446EAD,711062
"Lighting set, signal motorized",LIGHTING SET MOBILE TOWER LTN 6 LV,E776AED,711063
"Lighting set, signal motorized",LIGHTING SET MOBILE TOWER LTN 6 LV,E778AED,711064
"Lighting set, signal motorized",LIGHTING SET MOBILE TOWER LTN 6 LV,E779AED,711065
"Lighting set, signal motorized",LIGHTING SET MOBILE TOWER LTN 6 LV,E780AED,711066
"Lighting set, signal motorized",LIGHTING SET MOBILE TOWER V5+,AND289E,711067
"Lighting set, signal motorized",LIGHTING SET MOBILE TOWER V5+,AND290E,711068
"Lighting set, signal motorized",LIGHTING SET MOBILE TOWER,,711069
Pump motorized (do not use),PUMP DEWATERING VACUUM  H?DIG HC551 DIES,N/A,806023
Pump motorized (do not use),PUMP DIESEL ROTARY VACUUM ANDREW SYKES G,,806030
Pump motorized (do not use),PUMP DIESEL ROTARY VACUUM ANDREW SYKES G,,806031
Pump motorized (do not use),PUMP DIESEL ROTARY VACUUM ANDREW SYKES G,,806032
Pump motorized (do not use),PUMP DEISEL VACUUM ANDREW SYKES GP,,806033
Pump motorized (do not use),PUMP DEISEL VACUUM ANDREW SYKES GP,,806034
Pump motorized (do not use),PUMP DEISEL VACUUM ANDREW SYKES GP,,806035
Pump motorized (do not use),PUMP DEISEL VACUUM ANDREW SYKES GP,,806036
Pump motorized (do not use),PUMP DEISEL VACUUM ATLAS COPCO,,806037
Pump motorized (do not use),PUMP DIESEL VACUUM,N/A,806038
Firefighting equipment,PUMP FIRE FIGHTING,,809008
Wet/dry vacuum system (do not use),TRUCK HD VACUUM SUPERSUCKER INTERNATION,H494806,809013
Liquid vacuum truck,TRUCK HD VACUUM KAMAZ 53215,H013006,809015
Liquid vacuum truck,TRUCK HD LIQUID DURASUCKER VACUUM PETERB,H032406,809022
Liquid vacuum truck,TRUCK HD LIQUID DURASUCKER VACUUM PETERB,H032506,809023
Liquid vacuum truck,TRUCK HD LIQUID DURASUCKER VACUUM PETERB,H032306,809024
Wet/dry vacuum system (do not use),TRUCK HD VACUUM SUPERSUCKER KENWORTH,H230106,809032
Hydro excavator (do not use),TRUCK HD VACUUM MUD DOG KENWORTH T800,H209706,809034
Liquid vacuum truck,TRUCK HD VACUUM KAMAZ 65115 KO-505A,H177406,809035
Liquid vacuum truck,TRUCK HD VACUUM KAMAZ 65115 KO-505A,H177306,809036
Liquid vacuum truck,TRUCK HD LIQUID DURASUCKER VACUUM KENWOR,H251106,809037
Wet/dry vacuum system (do not use),VOLVO FM - TRUCK,H521006,809038
Wet/dry vacuum system (do not use),VOLVO FM - TRUCK,H512106,809039
Pump motorized (do not use),PUMP HDP 122,,810016
Pump motorized (do not use),PUMP HDP 122,,810017
Pump motorized (do not use),TRAILER DIESEL VACUUM LOADER 1340 CFM VE,560EAD,810063
Pump motorized (do not use),TRAILER DIESEL VACUUM LOADER 1340 CFM VE,558EAD,810064
Pump motorized (do not use),TRAILER DIESEL VACUUM LOADER 1340 CFM VE,559EAD,810065
Pump motorized (do not use),TRAILER DIESEL VACUUM LOADER 1340 CFM VE,561EAD,810066
Pump electric (do not use),PUMP ELECTRIC VACUUM AGGREGATE HC 487/15,539EAD,810067
Pump motorized (do not use),TRAILER DIESEL VACUUM LOADER 6100,234EAC,810069
Pump motorized (do not use),TRAILER DIESEL VACUUM LOADER 6100,235EAC,810070
Pump motorized (do not use),TRAILER DIESEL VACUUM LOADER 6100,AND210E,810071
Pump motorized (do not use),TRAILER DIESEL VACUUM LOADER 6100,AND211E,810072
Pump motorized (do not use),TRAILER DIESEL VACUUM HAMMELMANN HDP 144,,810073
Pump motorized (do not use),TRAILER DIESEL VACUUM HAMMELMANN HDP 142,,810074
Pump motorized (do not use),PUMP DIESEL VACUUM AGGREGATE HUDIG HC 55,,810075
Generator stationary,PUMP DIESEL VACUUM AGGREGATE DNU-110/70R,,810076
Pump motorized (do not use),TRAILER DIESEL VACUUM-LOADER AQUAJET-14,246EAC,810077
Pump motorized (do not use),TRAILER DIESEL VACUUM-LOADER AQUAJET-14,245EAC,810078
Pump motorized (do not use),PUMP DIESEL FD-2,,811001
Pump motorized (do not use),PUMP DIESEL FD-2,,811002
Pump motorized (do not use),PUMP 75C,,811003
Pump motorized (do not use),PUMP 75C,,811004
Pump motorized (do not use),PUMP,,811005
Pump motorized (do not use),PUMP,,811006
Firefighting equipment,PUMP FIRE FIGHTING PATTERSON,,811009
Firefighting equipment,PUMP FIRE FIGHTING ELECTRICAL PATTERSON,,811010
Firefighting equipment,PUMP FIRE FIGHTING PATTERSON 3406,,811011
Firefighting equipment,PUMP FIRE FIGHTING ELECTRICAL PATTERSON,,811012
Firefighting equipment,PUMP FIRE FIGHTING 63-G-9201,,811013
Firefighting equipment,PUMP FIRE FIGHTING  JOHN DEERE 6125HF070,,811014
Firefighting equipment,PUMP FIRE FIGHTING  JOHN DEERE 6125HF070,,811015
Firefighting equipment,PUMP FIRE FIGHTING DIESEL PATTERSON,,811016
Firefighting equipment,PUMP FIRE FIGHTING DIESEL STERLING,,811017
Frac tank,MOBILE FRAC TANK 500BBL,0608EX,1021001
Frac tank,MOBILE FRAC TANK 500BBL,0609EX,1021002
Frac tank,MOBILE FRAC TANK 500BBL,0610EX,1021003
Frac tank,MOBILE FRAC TANK 500BBL,0611EX,1021004
Frac tank,MOBILE FRAC TANK 500BBL,H69606,1021005
Frac tank,MOBILE FRAC TANK 500BBL,0613EX,1021006
Frac tank,MOBILE FRAC TANK 500BBL,0614EX,1021007
Frac tank,MOBILE FRAC TANK 500BBL,0615EX,1021008
Frac tank,MOBILE FRAC TANK 500BBL,0616EX,1021009
Frac tank,MOBILE FRAC TANK 500BBL,0617EX,1021010
Frac tank,MOBILE FRAC TANK 500BBL,0618EX,1021011
Frac tank,MOBILE FRAC TANK 500BBL,0619EX,1021012
Frac tank,MOBILE FRAC TANK 500BBL,0620EX,1021013
Frac tank,MOBILE FRAC TANK 500BBL,0621EX,1021014
Frac tank,MOBILE FRAC TANK 500BBL,0622EX,1021015
Frac tank,MOBILE FRAC TANK 500BBL,0623EX,1021016
Frac tank,MOBILE FRAC TANK,0818EX,1021018
Frac tank,MOBILE FRAC TANK,0805EX,1021019
Frac tank,MOBILE FRAC TANK,0809EX,1021020
Frac tank,MOBILE FRAC TANK,0808EX,1021021
Frac tank,MOBILE FRAC TANK,0817EX,1021022
Frac tank,MOBILE FRAC TANK,0647EX,1021023
Frac tank,MOBILE FRAC TANK,0648EX,1021024
Frac tank,MOBILE FRAC TANK,0816EX,1021025
Frac tank,MOBILE FRAC TANK,0649EX,1021026
Frac tank,MOBILE FRAC TANK,0815EX,1021027
Frac tank,MOBILE FRAC TANK,0806EX,1021028
Frac tank,MOBILE FRAC TANK,0813EX,1021029
Frac tank,MOBILE FRAC TANK,0801EX,1021030
Frac tank,MOBILE FRAC TANK,0624EX,1021031
Frac tank,MOBILE FRAC TANK,0632EX,1021032
Frac tank,MOBILE FRAC TANK,0631EX,1021033
Frac tank,MOBILE FRAC TANK,0807EX,1021034
Frac tank,MOBILE FRAC TANK,0633EX,1021035
Frac tank,MOBILE FRAC TANK,0814EX,1021036
Frac tank,MOBILE FRAC TANK,0634EX,1021037
Frac tank,MOBILE FRAC TANK,0629EX,1021038
Frac tank,MOBILE FRAC TANK,0644EX,1021039
Frac tank,MOBILE FRAC TANK,0637EX,1021040
Frac tank,MOBILE FRAC TANK,0627EX,1021041
Frac tank,MOBILE FRAC TANK,0628EX,1021042
Frac tank,MOBILE FRAC TANK,0643EX,1021043
Frac tank,MOBILE FRAC TANK,0626EX,1021044
Frac tank,MOBILE FRAC TANK,0635EX,1021045
Frac tank,MOBILE FRAC TANK,0630EX,1021046
Frac tank,MOBILE FRAC TANK,0625EX,1021047
Frac tank,MOBILE FRAC TANK,0638EX,1021048
Frac tank,MOBILE FRAC TANK,0636EX,1021049
Frac tank,MOBILE FRAC TANK,0639EX,1021050
Frac tank,MOBILE FRAC TANK,0645EX,1021051
Frac tank,MOBILE FRAC TANK,0803EX,1021052
Frac tank,MOBILE FRAC TANK,0804EX,1021053
Frac tank,MOBILE FRAC TANK,0646EX,1021054
Frac tank,MOBILE FRAC TANK,0650EX,1021055
Frac tank,MOBILE FRAC TANK,0802EX,1021056
Frac tank,MOBILE FRAC TANK FR500E,0810EX,1021057
Frac tank,MOBILE FRAC TANK FR500E,0812EX,1021058
Frac tank,MOBILE FRAC TANK FR500E,0811EX,1021059
"Trailer (mobile office, pump etc.)",MOBILE FRAC TANK FR500E,0641EX,1021060
"Trailer (mobile office, pump etc.)",MOBILE FRAC TANK FR500E,0642EX,1021061
"Trailer (mobile office, pump etc.)",MOBILE FRAC TANK FR500E,0640EX,1021062
Frac tank,MOBILE FRAC TANK,H06806,1021063
Frac tank,MOBILE FRAC TANK,H06906,1021064
Frac tank,MOBILE FRAC TANK,H07006,1021065
Frac tank,MOBILE FRAC TANK,H07106,1021066
Frac tank,MOBILE FRAC TANK,H07206,1021067
Frac tank,MOBILE FRAC TANK,H07306,1021068
Frac tank,MOBILE FRAC TANK,H07406,1021069
Frac tank,MOBILE FRAC TANK,H07506,1021070
Frac tank,MOBILE FRAC TANK,H07606,1021071
Frac tank,MOBILE FRAC TANK,H07706,1021072
Frac tank,MOBILE FRAC TANK,H07806,1021073
Frac tank,MOBILE FRAC TANK,H07906,1021074
Frac tank,MOBILE FRAC TANK,H08006,1021075
Frac tank,MOBILE FRAC TANK,H08106,1021076
Frac tank,MOBILE FRAC TANK,H08206,1021077
Frac tank,MOBILE FRAC TANK,H08306,1021078
Frac tank,MOBILE FRAC TANK,H08406,1021079
Frac tank,MOBILE FRAC TANK,H08506,1021080
Frac tank,MOBILE FRAC TANK,H08606,1021081
Frac tank,MOBILE FRAC TANK,H08706,1021082
Frac tank,MOBILE FRAC TANK,H08806,1021083
Frac tank,MOBILE FRAC TANK,H08906,1021084
Frac tank,MOBILE FRAC TANK,H09006,1021085
Frac tank,MOBILE FRAC TANK,H09106,1021086
Frac tank,MOBILE FRAC TANK,H09206,1021087
Frac tank,MOBILE FRAC TANK,,1021088
Frac tank,MOBILE FRAC TANK,,1021089
Frac tank,MOBILE FRAC TANK,,1021090
Frac tank,MOBILE FRAC TANK,N/A,1021091
Frac tank,MOBILE FRAC TANK,N/A,1021092
Frac tank,MOBILE FRAC TANK,N/A,1021093
Frac tank,MOBILE FRAC TANK,N/A,1021094
Frac tank,MOBILE FRAC TANK,N/A,1021095
"Cleaning, washing tools etc.",BRUSH CUTTER DYNAMAC DB-41,,1103008
"Cleaning, washing tools etc.",BRUSH CUTTER DYNAMAC DB-41,,1103009
"Cleaning, washing tools etc.",PIPE THREATING MACHINE ELECTRIC,,1106001
Trailer cargo,TRAILER LARGE 24FT BIG TEX,0714ED,1211035
Trailer cargo,TRAILER LOWBOY BIG TEX 4P200W,,1211036
Trailer cargo,TRAILER 2 AXLE 30FT,ABDE252,1211051
Trailer cargo,TRAILER 2 AXLE BIG TEX 10TL-20,0249EX,1211052
Trailer cargo,TRAILER 2 AXLE BIG TEX 12TL-20,5064ED,1211053
Trailer cargo,TILT BED EQUIPMENT TRAILER BIG TEX 18FT,5446ED,1211054
Trailer cargo,TRAILER 2 AXLE BIG TEX 10TL-20,0601EX,1211055
Pump electric (do not use),PUMP ELECTRIC TRAILER MOUNTED HPU,176EAD,1211056
Pump electric (do not use),PUMP ELECTRIC TRAILER MOUNTED HPU,177EAD,1211057
Pump electric (do not use),PUMP ELECTRIC TRAILER MOUNTED HPU,178EAD,1211058
Trailer cargo,TRAILER TANDEM AXLE FLAT BED DORTEX PT 2,235EAD,1211059
"Trailer (mobile office, pump etc.)",TRAILER BREATHING AIR TRAILAIR 70 4 CYL,N/A,1211060
"Trailer (mobile office, pump etc.)",TRAILER BREATHING AIR TRAILAIR 70 4 CYL,N/A,1211061
"Trailer (mobile office, pump etc.)",TRAILER BREATHING AIR TRAILAIR 70 4 CYL,N/A,1211062
"Trailer (mobile office, pump etc.)",TRAILER BREATHING AIR TRAILAIR 70 4 CYL,N/A,1211063
"Trailer (mobile office, pump etc.)",TRAILER BREATHING AIR TRAILAIR 70 4 CYL,N/A,1211064
"Trailer (mobile office, pump etc.)",TRAILER BREATHING AIR TRAILAIR 70 4 CYL,N/A,1211065
"Trailer (mobile office, pump etc.)",TRAILER BREATHING AIR TRAILAIR 70 4 CYL,N/A,1211066
"Trailer (mobile office, pump etc.)",TRAILER BREATHING AIR TRAILAIR 70 4 CYL,N/A,1211067
"Trailer (mobile office, pump etc.)",TRAILER BREATHING AIR TRAILAIR 70 4 CYL,N/A,1211068
"Trailer (mobile office, pump etc.)",TRAILER BREATHING AIR TRAILAIR 70 4 CYL,,1211069
"Trailer (mobile office, pump etc.)",TRAILER BREATHING AIR TRAILAIR 70 4 CYL,,1211070
"Trailer (mobile office, pump etc.)",TRAILER BREATHING AIR TRAILAIR 70 4 CYL,,1211071
"Trailer (mobile office, pump etc.)",TRAILER BREATHING AIR TRAILAIR 70 4 CYL,,1211072
"Trailer (mobile office, pump etc.)",TRAILER BREATHING AIR TRAILAIR 70 4 CYL,N/A,1211073
"Trailer (mobile office, pump etc.)",TRAILER BREATHING AIR TRAILAIR 70 4 CYL,H35606,1211074
"Trailer (mobile office, pump etc.)",TRAILER BREATHING AIR TRAILAIR 70,,1211075
"Trailer (mobile office, pump etc.)",TRAILER BREATHING AIR TRAILAIR 70,,1211076
Trailer cargo,TRAILER LARGE SCHMITZ CARGOBULL,64ACF06,1211077
"Trailer (mobile office, pump etc.)",TRAILER BREATHING AIR TRAILAIR 70,N/A,1211078
"Trailer (mobile office, pump etc.)",TRAILER 2 AXLE UZST ,N/A,1211079
"Trailer (mobile office, pump etc.)",TRAILER 2 AXLE UZST ,N/A,1211080
Trailer cargo,TRAILER 2 AXLE UZST,H73706,1211081
Trailer cargo,TRAILER 2 AXLE BIG TEX 14TL-20 BK,H68706,1211082
Trailer cargo,TRAILER 6 AXLE MODULAR  150 TON NICOLAS,217EAD,1213006
Trailer cargo,TRAILER 11 AXLE MODULAR  300 TON NICOLAS,220EAD,1213007
Trailer cargo,TRAILER LARGE EVACUATION WITZCO NGB-60,320EAD,1213008
Trailer cargo,TRAILER 3 AXLE DROP DECK WILSON CD-1080,315EAD,1213009
Trailer cargo,TRAILER 3 AXLE DROP DECK WILSON CD-1080,316EAD,1213010
Trailer cargo,TRAILER 3 AXLE DROP DECK WILSON CD-1080,317EAD,1213011
Trailer cargo,TRAILER 14 AXLE MODULAR 160 TON SCHEUERLE K25HPB,AND927E,1213012
Trailer cargo,TRAILER 2AX,,1252008
Trailer cargo,TRAILER 2 AXLE LOWBOY,,1252017
Trailer cargo,TRAILER SMALL,,1252018
Pump motorized (do not use),TRAILER LARGE 18 LEO WITH PUMP,0216ED,1252020
Dispossal equipment,TRAILER ROCK CRUSHER RE1163 DH,,1252024
Firefighting equipment,PLATFORM WITH FIRE PUMP,0048EX,1252032
Trailer cargo,TRAILER BAGGAGE HAPERT 2343ED,2342ED,1252034
Trailer cargo,TRAILER TANKER LARGE MARSHALL 1300 GAL,E542ABD,1252035
"Trailer (mobile office, pump etc.)",TRAILER SELF CONTAINED HIGH PRESSURE CYL,,1252048
"Trailer (mobile office, pump etc.)",TRAILER SELF CONTAINED HIGH PRESSURE CYL,,1252049
"Trailer (mobile office, pump etc.)",TRAILER SELF CONTAINED HIGH PRESSURE CYL,,1252050
"Trailer (mobile office, pump etc.)",TRAILER SELF CONTAINED HIGH PRESSURE CYL,,1252051
"Trailer (mobile office, pump etc.)",TRAILER SELF CONTAINED HIGH PRESSURE CYL,,1252052
"Trailer (mobile office, pump etc.)",TRAILER SELF CONTAINED HIGH PRESSURE CYL,N/A,1252053
"Trailer (mobile office, pump etc.)",TRAILER SELF CONTAINED HIGH PRESSURE CYL,,1252054
"Trailer (mobile office, pump etc.)",TRAILER SELF CONTAINED HIGH PRESSURE CYL,,1252055
"Trailer (mobile office, pump etc.)",TRAILER SELF CONTAINED HIGH PRESSURE CYL,,1252056
"Trailer (mobile office, pump etc.)",TRAILER SELF CONTAINED HIGH PRESSURE CYL,N/A,1252057
Generator portable,TRAILER 24T AIR CONDITIONING & 234K BTUI,,1252058
"Trailer (mobile office, pump etc.)",TRAILER MOBILE SURVEILLANCE BLED1-1413,325EAD,1252061
Pump motorized (do not use),TRAILER DIESEL VACUUM LOADER 6150 CFM VE,338EAD,1252062
Pump motorized (do not use),TRAILER DIESEL VACUUM LOADER 6150 CFM VE,339EAD,1252063
"Trailer (mobile office, pump etc.)",TRAILER TANK REFRIGERATED 1150L TOR 8438,62AMA06,1252064
"Trailer (mobile office, pump etc.)",TRAILER TANK REFRIGERATED 1150L TOR 8438,63AMA06,1252065
Pump motorized (do not use),TRAILER DIESEL VACUUM LOADER 6150 CFM VE,476EAD,1252066
Pump motorized (do not use),TRAILER DIESEL VACUUM LOADER 6150 CFM VE,477EAD,1252067
"Trailer (mobile office, pump etc.)",TRAILER MOBILE SURVEILLANCE WANCO WCT-X,533EAD,1252070
Trailer cargo,TRAILER TANKER LARGE MARSHALL1800 GAL,515EAD,1252071
Dispossal equipment,WASTE SHREDDER 440DT,514EAD,1252072
Dispossal equipment,TRAILER ROCK CRUSHER RE1165 DH,542EAD,1252073
"Trailer (mobile office, pump etc.)",TANK TRAILER REFRIGERATED 1150LTR,657EAD,1252079
"Trailer (mobile office, pump etc.)",TANK TRAILER REFRIGERATED 1150LTR,663EAD,1252080
"Trailer (mobile office, pump etc.)",TANK TRAILER REFRIGERATED 1150LTR,662EAD,1252081
"Trailer (mobile office, pump etc.)",TANK TRAILER REFRIGERATED 1150LTR,661EAD,1252082
"Trailer (mobile office, pump etc.)",TANK TRAILER REFRIGERATED 1150LTR,660EAD,1252083
"Trailer (mobile office, pump etc.)",TANK TRAILER REFRIGERATED 1150LTR,659EAD,1252084
"Trailer (mobile office, pump etc.)",TANK TRAILER REFRIGERATED 1150LTR,658EAD,1252085
"Trailer (mobile office, pump etc.)",TANK TRAILER REFRIGERATED 71762А 1150LTR,979EAD,1252086
"Trailer (mobile office, pump etc.)",TANK TRAILER REFRIGERATED 71762А 1150LTR,978EAD,1252087
"Trailer (mobile office, pump etc.)",TANK TRAILER REFRIGERATED 71762А 1150LTR,977EAD,1252088
"Trailer (mobile office, pump etc.)",MOBILE TRAILER VAN ISOTHERMAL,H09306,1252089
"Trailer (mobile office, pump etc.)",MOBILE TRAILER VAN,H18506,1252090
"Trailer (mobile office, pump etc.)",MOBILE TRAILER VAN,H18606,1252091
"Trailer (mobile office, pump etc.)",MOBILE ACCOMMODATION TRAILER 2 AXLE,H16206,1252092
"Trailer (mobile office, pump etc.)",MOBILE ACCOMMODATION TRAILER 2 AXLE,H16306,1252093
"Trailer (mobile office, pump etc.)",MOBILE ACCOMMODATION TRAILER 2 AXLE,H16406,1252094
"Trailer (mobile office, pump etc.)",MOBILE ACCOMMODATION TRAILER 2 AXLE,H16506,1252095
Trailer cargo,TRAILER SIGNAL,H17206,1252096
Trailer cargo,TRAILER SIGNAL,H17506,1252098
Trailer cargo,TRAILER SIGNAL,H17406,1252099
Trailer cargo,TRAILER SIGNAL,H17306,1252100
"Trailer (mobile office, pump etc.)",TANK TRAILER REFRIGERATED 1150LTR,H21706,1252101
"Trailer (mobile office, pump etc.)",TANK TRAILER REFRIGERATED 1150LTR,H21806,1252102
"Trailer (mobile office, pump etc.)",TANK TRAILER REFRIGERATED 1150LTR,H21906,1252103
"Trailer (mobile office, pump etc.)",TANK TRAILER REFRIGERATED 1150LTR,H22006,1252104
"Trailer (mobile office, pump etc.)",TANK TRAILER REFRIGERATED 1150LTR,H21606,1252105
"Trailer (mobile office, pump etc.)",TANK TRAILER REFRIGERATED 1150LTR,H23606,1252106
"Trailer (mobile office, pump etc.)",MOBILE OFFICE TRAILER 2 AXLE,AKDE123,1252107
Trailer cargo,MOBILE TRAILER VAN,38AAE06,1252108
Trailer cargo,MOBILE TRAILER VAN,37AAE06,1252109
"Trailer (mobile office, pump etc.)",MOBILE TRAILER VAN,43AAY06,1252110
"Trailer (mobile office, pump etc.)",MOBILE TRAILER VAN,46AAY06,1252111
"Trailer (mobile office, pump etc.)",MOBILE TRAILER VAN,41AAY06,1252112
"Trailer (mobile office, pump etc.)",MOBILE TRAILER VAN,42AAY06,1252113
"Trailer (mobile office, pump etc.)",MOBILE OFFICE TRAILER 2 AXLE,49ABG06,1252116
"Trailer (mobile office, pump etc.)",MOBILE OFFICE TRAILER 2 AXLE,95ABG06,1252117
"Trailer (mobile office, pump etc.)",MOBILE OFFICE TRAILER 2 AXLE,74ABG06,1252118
"Trailer (mobile office, pump etc.)",MOBILE OFFICE TRAILER 2 AXLE,69ABG06,1252119
Trailer cargo,MOBILE PAYLOAD MODULE ON TRAILER 2 AXLE,62ACF06,1252120
Trailer cargo,MOBILE TRAILER VAN,54ACM06,1252121
Trailer cargo,MOBILE TRAILER VAN,45ACM06,1252122
Trailer cargo,MOBILE VACUUM TRANSFORMER OIL FILTRATION ON TRAILER 1 AXLE,271EAB,1252123
Trailer cargo,TRAILER 2 AXLE UZST,H73806,1252124
Trailer cargo,TRAILER 2 AXLE UZST,H73906,1252125
Trailer cargo,TRAILER 2 AXLE UZST,H70006,1252126
Trailer cargo,TRAILER 2 AXLE UZST, H69906,1252127
Trailer cargo,TRAILER 2 AXLE UZST,H68406,1252128
Trailer cargo,TRAILER 2 AXLE UZST,H69706,1252129
Trailer cargo,TRAILER 2 AXLE UZST,H69006,1252130
Trailer cargo,TRAILER 2 AXLE UZST,H73606,1252131
Welder motorized (do not use),WELDING MACHINE DIESEL,,1306005
Welder motorized (do not use),WELDER DIESEL GENERATOR LINCOLN 500AMP,072EAD,1307018
Welder motorized (do not use),WELDER DIESEL GENERATOR LINCOLN 500AMP,073EAD,1307019
Welder motorized (do not use),WELDER DIESEL GENERATOR LINCOLN 500AMP,312EAD,1307023
Welder motorized (do not use),WELDER DIESEL GENERATOR LINCOLN 500AMP,313EAD,1307024
Welder motorized (do not use),WELDER DIESEL GENERATOR LINCOLN 500AMP,311EAD,1307025
Welder motorized (do not use),WELDER DIESEL GENERATOR LINCOLN 500AMP,310EAD,1307026
Welder electric (do not use),WELDER ELECTRIC PORTABLE MIG 180EN,,1311012
Heater portable,HEATER ITA 75,,1401110
Heater portable,HEATER PORTABLE FLAMELESS RIG TD 1200 DR,N/A,1401129
Heater portable,HEATER INDIRECT FIRED PORTABLE BV 535,,1401131
Heater portable,HEATER INDIRECT FIRED PORTABLE BV 535,,1401132
Heater portable,HEATER INDIRECT FIRED PORTABLE BV 535,,1401133
Heater portable,HEATER INDIRECT FIRED PORTABLE BV 535,,1401134
Heater portable,HEATER INDIRECT FIRED PORTABLE BV 535,,1401135
Heater portable,HEATER PORTABLE FLAMELESS BTTD1200 DR,646EAD,1401136
Heater portable,HEATER PORTABLE FLAMELESS BTTD1200 DR,645EAD,1401137
Heater portable,HEATER PORTABLE FLAMELESS BTTD1200 DR,647EAD,1401138
Heater portable,HEATER INDIRECT FIRED PORTABLE BV 535,,1401139
Heater portable,HEATER INDIRECT FIRED PORTABLE BV 535,,1401140
Heater portable,HEATER INDIRECT FIRED PORTABLE BV 535,N/A,1401141
Heater portable,HEATER INDIRECT FIRED PORTABLE BV 535,N/A,1401142
Heater portable,HEATER INDIRECT FIRED PORTABLE BV 535,N/A,1401143
Heater portable,HEATER INDIRECT FIRED PORTABLE BV 535,N/A,1401144
Heater portable,HEATER INDIRECT FIRED PORTABLE BV 535,N/A,1401145
Heater portable,HEATER INDIRECT FIRED PORTABLE BV 535,N/A,1401146
Heater portable,HEATER INDIRECT FIRED PORTABLE BV 535,N/A,1401147
Heater portable,HEATER INDIRECT FIRED PORTABLE IDF 3 SCO,423EAC,1401148
Heater portable,HEATER INDIRECT FIRED PORTABLE IDF 3 SCO,424EAC,1401149
Heater portable,MOBILE HEATER MAXI HEAT MH500IQ,E046ACD,1401150
Heater portable,MOBILE TIOGA AIR HEATER IDF3SCO,247EAC,1401151
Heater portable,MOBILE TIOGA AIR HEATER IDF3SCO,248EAC,1401152
Heater portable,MOBILE TIOGA AIR HEATER IDF3SCO,249EAC,1401153
Heater portable,MOBILE TIOGA AIR HEATER IDF3SCO,250EAC,1401154
Heater portable,MOBILE TIOGA AIR HEATER IDF3SCO,251EAC,1401155
Heater portable,HEATER IDF 3 SCO,,1402005
Heater portable,HEATER INDIRECT FIRED PORTABLE IDF 3 SCO,326EAD,1402007
Heater portable,HEATER INDIRECT FIRED PORTABLE IDF 3 SCO,327EAD,1402008
"Cleaning, washing tools etc.",DRAIN CLEANER P-MX-D,,1420001
"Cleaning, washing tools etc.",DRAIN CLEANER P-MX-D,,1420002
Heater portable,STEAM GENERATOR MEKSIS,,1465001
Heater portable,STEAM GENERATOR MEKSIS,,1465002
Dispossal equipment,PRESS HYDRAULIC SCRAP BALLING,,1466007
Trailer cargo,STEAM TRAILER BIG TEX,1280ED,1467005
Steam truck,TRUCK HD STEAM URAL 4320 PPU 7803D8-10,H176306,1467008
Steam truck,TRUCK HD STEAM URAL PPU,H381306,1467009
"Cleaning, washing tools etc.",FOGGER MOSQUITO SWINGFOG TF-35,,1468002
"Cleaning, washing tools etc.",FOGGER MOSQUITO SWINGFOG TF-35,,1468004
Railroad equipment,BALLASTER - RAILWAY KERSHOW,,1470002
Railroad equipment,BALLASTER - RAILWAY KERSHOW,,1470004
Railroad equipment,SWITCH PRODUCTION TAMPER MARK VI,,1470005
Railroad equipment,SNOW FIGHTER RAILWAY KNOX KERSHAW INC KS,,1470006
Railroad equipment,TAMPER MACHINE 1520 MM GAUGE HARSCO,,1470007
"Cleaning, washing tools etc.",ROAD LINE STRIPER ART4220,,1471001
"Cleaning, washing tools etc.",ROUTER ASPHALT,,1472001
Road construction and cleaning equipment,DRILLING MACHINE DIRECT PUSH GEOPROBE 54,,1491001
Fire truck,TRUCK HD FIRE PUMPER INTERNATIONAL C803,E760AL,1503009
Fire truck,TRUCK HD FIRE PUMPER INTERNATIONAL C803,E769AL,1503010
Fire truck,TRUCK HD FIRE PUMPER INTERNATIONAL C803,E770AL,1503011
Fire truck,TRUCK HD FIRE PUMPER INTERNATIONAL C803,E763AL,1503012
Fire truck,TRUCK HD FIRE PUMPER INTERNATIONAL C803,E766AL,1503021
Fire truck,TRUCK HD FIRE PUMPER INTERNATIONAL C803,E762AL,1503022
Fire truck,TRUCK HD FIRE PUMPER INTERNATIONAL C803,E774AL,1503023
Fire truck,TRUCK FIRE FREIGHTLINER FL80,H720975,1503025
Fire truck,TRUCK HD FIRE PUMPER INTERNATIONAL 7400,H721858,1503026
Fire truck,TRUCK HD FIRE PUMPER INTERNATIONAL 7600,H723532,1503027
Fire truck,TRUCK HD FIRE PUMPER INTERNATIONAL 7600,H723595,1503028
Fire truck,TRUCK HD HALE PUMPER INTERNATIONAL 7400,H724226,1503030
Fire truck,TRUCK HD HALE PUMPER INTERNATIONAL 7400,H724225,1503031
Fire truck,TRUCK HD FIRE PUMPER INTERNATIONAL 7400,H725754,1503032
Fire truck,FIRE TRUCK - IVECO,H101006,1503034
Fire truck,TRUCK HD FIRE PUMPER INTERNATIONAL 7400,H120906,1503035
Fire truck,TRUCK HD FIRE PUMPER FORD F750,H224206,1503036
Fire truck,TRUCK HD FOAM PUMPER INTERNATIONAL 7600,H399706,1503047
Fire truck,TRUCK HD FIRE PUMPER E-ONE,H543506,1503048
Fire truck,TRUCK HD FIRE PUMPER E-ONE,H546306,1503049
Fire truck,TRUCK HD FIRE PUMPER E-ONE,H526206,1503050
Fire truck,TRUCK HD FIRE PUMPER E-ONE,H543906,1503051
Fire truck,TRUCK HD FIRE PUMPER E-ONE,H544906,1503052
Fire truck,TRUCK HD FIRE PUMPER KAMAZ 43114,H723549,1504002
Fire truck,TRUCK HD FIRE HOSE KAMAZ AP -2(43114),H725794,1504003
Fire truck,TRUCK HD FIRE PUMPER SISU 250L,E112AY,1506002
Fire truck,TRUCK HD FIRE PUMPER  MAGIRUS M32 n.b,H285106,1506003
Trailer cargo,TRAILER 11 AXLE MODULAR  300 TON NICOLAS,,1213007A
Lifting equipment electric,"LOAD MODULE “ENS” ETALON- 400-0,4 KW",,1252120A
